{"cameraMode":{"drawMode":0,"name":"Shaded","section":"Shading Mode"},"sceneLighting":false,"audioPlay":false,"sceneViewState":{"showFog":true,"showMaterialUpdate":false,"showSkybox":false,"showFlares":true,"showImageEffects":true,"showParticleSystems":true},"in2DMode":false,"pivot":{"x":1.9800000190734864,"y":0.5339999198913574,"z":-0.047711923718452457},"rotation":{"x":-0.09912695735692978,"y":0.019997065886855127,"z":-0.0019918743055313827,"w":-0.994875431060791},"size":5.359490871429443,"orthographic":false}