{"cameraMode":{"drawMode":0,"name":"Shaded","section":"Shading Mode"},"sceneLighting":false,"audioPlay":false,"sceneViewState":{"showFog":true,"showMaterialUpdate":false,"showSkybox":false,"showFlares":true,"showImageEffects":true,"showParticleSystems":true},"in2DMode":false,"pivot":{"x":-1.3601086139678956,"y":0.6796475052833557,"z":-0.7684776186943054},"rotation":{"x":-0.042277608066797259,"y":0.03056546300649643,"z":-0.001294753048568964,"w":-0.998645007610321},"size":4.251027584075928,"orthographic":false}